{"stats":{"minecraft:crafted":{"minecraft:wooden_sword":1,"minecraft:oak_planks":36,"minecraft:crafting_table":1,"minecraft:stick":8,"minecraft:wooden_pickaxe":1,"minecraft:stone_pickaxe":1,"minecraft:wooden_axe":1,"minecraft:stone_sword":1},"minecraft:custom":{"minecraft:time_since_rest":1405,"minecraft:sprint_one_cm":6604,"minecraft:damage_taken":1105,"minecraft:walk_one_cm":9823,"minecraft:mob_kills":7,"minecraft:damage_dealt":1073,"minecraft:swim_one_cm":1954,"minecraft:interact_with_crafting_table":5,"minecraft:fly_one_cm":8404,"minecraft:play_time":7463,"minecraft:deaths":5,"minecraft:sneak_time":261,"minecraft:walk_under_water_one_cm":6380,"minecraft:jump":80,"minecraft:time_since_death":1371,"minecraft:walk_on_water_one_cm":3281,"minecraft:total_world_time":7463,"minecraft:fall_one_cm":753},"minecraft:mined":{"minecraft:crafting_table":1,"minecraft:oak_log":13,"minecraft:stone":7,"minecraft:oak_planks":1,"minecraft:oak_leaves":13},"minecraft:picked_up":{"minecraft:wooden_axe":1,"minecraft:crafting_table":1,"last_of_us:rags":2,"minecraft:wooden_pickaxe":1,"minecraft:oak_log":21,"minecraft:wooden_sword":2,"minecraft:stone_sword":3,"minecraft:rotten_flesh":5,"minecraft:stone_pickaxe":2,"minecraft:oak_planks":7,"minecraft:cobblestone":9},"minecraft:killed":{"last_of_us:runner":5,"last_of_us:crawler":2},"minecraft:killed_by":{"last_of_us:runner":2,"last_of_us:clicker":3},"minecraft:used":{"minecraft:wooden_axe":5,"minecraft:stone_sword":33,"minecraft:stone_pickaxe":2,"minecraft:oak_planks":4,"minecraft:wooden_pickaxe":5,"minecraft:wooden_sword":22,"minecraft:crafting_table":2}},"DataVersion":3465}