{"stats":{"minecraft:crafted":{"minecraft:wooden_sword":2,"minecraft:oak_planks":68,"minecraft:crafting_table":3,"minecraft:stick":16,"minecraft:wooden_pickaxe":1,"minecraft:stone_pickaxe":1,"minecraft:wooden_axe":1,"minecraft:stone_sword":1,"minecraft:birch_planks":8,"minecraft:stone_axe":1},"minecraft:custom":{"minecraft:time_since_rest":79,"minecraft:sprint_one_cm":45394,"minecraft:damage_taken":2565,"minecraft:walk_one_cm":36601,"minecraft:mob_kills":9,"minecraft:damage_dealt":1435,"minecraft:swim_one_cm":1954,"minecraft:interact_with_crafting_table":9,"minecraft:fly_one_cm":55801,"minecraft:open_barrel":5,"minecraft:crouch_one_cm":256,"minecraft:play_time":19463,"minecraft:deaths":14,"minecraft:sneak_time":728,"minecraft:walk_under_water_one_cm":6380,"minecraft:jump":408,"minecraft:time_since_death":49,"minecraft:walk_on_water_one_cm":3281,"minecraft:total_world_time":19463,"minecraft:fall_one_cm":7294},"minecraft:mined":{"horror_element_mod:dead_pig":1,"minecraft:birch_log":2,"minecraft:barrel":1,"minecraft:birch_leaves":4,"minecraft:crafting_table":3,"minecraft:grass":4,"minecraft:oak_log":24,"horror_element_mod:dead_cow":1,"minecraft:cobweb":9,"minecraft:stone":9,"minecraft:oak_planks":1,"minecraft:oak_leaves":17},"minecraft:picked_up":{"minecraft:wooden_axe":2,"minecraft:birch_log":2,"minecraft:stick":8,"swem:timothy_seeds":1,"minecraft:crafting_table":3,"last_of_us:rags":4,"minecraft:wooden_pickaxe":3,"minecraft:oak_log":27,"minecraft:barrel":1,"minecraft:string":9,"last_of_us:noxioustree":1,"minecraft:red_bed":1,"minecraft:wooden_sword":4,"minecraft:stone_sword":4,"minecraft:rotten_flesh":24,"swem:alfalfa_seeds":1,"minecraft:stone_pickaxe":3,"minecraft:oak_sapling":2,"swem:oat_seeds":1,"minecraft:birch_sapling":1,"minecraft:oak_planks":23,"minecraft:cobblestone":16,"last_of_us:noxioussack":1},"minecraft:killed":{"last_of_us:runner":6,"last_of_us:crawler":3},"minecraft:killed_by":{"last_of_us:runner":4,"last_of_us:clicker":4,"last_of_us:bloater":4,"last_of_us:stalker":2},"minecraft:used":{"minecraft:wooden_axe":6,"minecraft:stone_sword":38,"minecraft:stone_pickaxe":4,"minecraft:oak_planks":29,"minecraft:wooden_pickaxe":5,"minecraft:stone_axe":3,"minecraft:wooden_sword":51,"minecraft:crafting_table":5}},"DataVersion":3465}