{"stats":{"minecraft:crafted":{"minecraft:wooden_sword":2,"minecraft:oak_planks":84,"minecraft:crafting_table":4,"minecraft:wooden_pickaxe":2,"minecraft:birch_planks":8,"minecraft:stone_axe":2,"minecraft:stick":28,"minecraft:stone_pickaxe":2,"minecraft:wooden_axe":1,"minecraft:stone_sword":2},"minecraft:custom":{"minecraft:mob_kills":29,"minecraft:interact_with_crafting_table":15,"minecraft:open_barrel":17,"minecraft:time_since_death":9925,"minecraft:sleep_in_bed":2,"minecraft:time_since_rest":9966,"minecraft:sprint_one_cm":66096,"minecraft:walk_one_cm":153636,"minecraft:damage_taken":3615,"minecraft:drop":26,"minecraft:damage_dealt":1600,"minecraft:swim_one_cm":17213,"minecraft:fly_one_cm":265493,"minecraft:open_chest":2,"minecraft:crouch_one_cm":890,"minecraft:deaths":16,"minecraft:play_time":55463,"minecraft:sneak_time":1616,"minecraft:walk_under_water_one_cm":8004,"minecraft:jump":768,"minecraft:walk_on_water_one_cm":18519,"minecraft:total_world_time":55463,"minecraft:interact_with_smoker":2,"minecraft:fall_one_cm":12168},"minecraft:dropped":{"minecraft:mangrove_roots":4,"minecraft:enchanted_golden_apple":74,"firstaid:bandage":3,"minecraft:golden_carrot":1,"minecraft:quartz_block":2,"tacz:modern_kinetic_gun":6},"minecraft:mined":{"minecraft:spruce_planks":2,"minecraft:glass_pane":1,"minecraft:red_bed":3,"horror_element_mod:dead_pig":1,"minecraft:kelp_plant":2,"minecraft:dark_oak_log":2,"minecraft:lever":1,"minecraft:crafting_table":4,"minecraft:oak_planks":1,"minecraft:kelp":1,"minecraft:smooth_stone":2,"minecraft:birch_log":2,"minecraft:barrel":1,"minecraft:birch_leaves":4,"minecraft:grass":5,"minecraft:mycelium":1,"minecraft:oak_log":39,"horror_element_mod:dead_cow":1,"minecraft:cobweb":23,"horror_element_mod:colonial_marine_body":1,"minecraft:stone_bricks":4,"minecraft:stone":20,"minecraft:oak_leaves":18},"minecraft:picked_up":{"minecraft:wooden_axe":2,"last_of_us:noxioussack":1,"minecraft:birch_log":2,"minecraft:crafting_table":4,"swem:timothy_seeds":1,"minecraft:iron_chestplate":1,"minecraft:wooden_pickaxe":3,"firstaid:morphine":16,"minecraft:oak_log":42,"minecraft:dirt":1,"minecraft:red_bed":4,"minecraft:string":23,"minecraft:wooden_sword":4,"minecraft:iron_leggings":1,"tacz:ammo":96,"minecraft:stone_bricks":5,"minecraft:kelp":2,"minecraft:smooth_stone":2,"minecraft:spruce_planks":1,"minecraft:stone_pickaxe":3,"swem:oat_seeds":1,"minecraft:birch_sapling":1,"minecraft:oak_planks":136,"minecraft:iron_boots":1,"minecraft:stick":8,"last_of_us:rags":4,"minecraft:dark_oak_log":2,"last_of_us:noxioustree":4,"minecraft:barrel":1,"minecraft:quartz_block":4,"minecraft:stone_sword":4,"minecraft:rotten_flesh":26,"tacz:modern_kinetic_gun":2,"minecraft:lever":1,"minecraft:iron_helmet":1,"swem:alfalfa_seeds":1,"minecraft:mangrove_roots":4,"firstaid:bandage":60,"minecraft:oak_sapling":2,"minecraft:mutton":1,"minecraft:white_wool":2,"minecraft:cobblestone":26},"minecraft:killed":{"minecraft:pig":3,"last_of_us:shambler":1,"last_of_us:runner":9,"last_of_us:crawler":3,"minecraft:sheep":3,"last_of_us:clicker":10},"minecraft:killed_by":{"last_of_us:runner":5,"last_of_us:clicker":5,"last_of_us:bloater":4,"last_of_us:stalker":2},"minecraft:used":{"minecraft:stone_sword":58,"minecraft:stone_pickaxe":17,"minecraft:oak_planks":57,"minecraft:wooden_pickaxe":11,"minecraft:leather_boots":1,"minecraft:rotten_flesh":2,"minecraft:iron_chestplate":1,"minecraft:crafting_table":6,"minecraft:red_bed":2,"minecraft:wooden_axe":6,"minecraft:leather_helmet":1,"minecraft:stone_axe":21,"minecraft:wooden_sword":51,"minecraft:chainmail_leggings":1}},"DataVersion":3465}