{"stats":{"minecraft:crafted":{"minecraft:wooden_sword":2,"minecraft:oak_planks":84,"minecraft:crafting_table":4,"minecraft:wooden_pickaxe":2,"minecraft:birch_planks":8,"minecraft:stone_axe":2,"minecraft:stick":28,"minecraft:stone_pickaxe":2,"minecraft:wooden_axe":1,"minecraft:stone_sword":2},"minecraft:custom":{"minecraft:mob_kills":10,"minecraft:interact_with_crafting_table":15,"minecraft:open_barrel":17,"minecraft:time_since_death":12049,"minecraft:sleep_in_bed":1,"minecraft:time_since_rest":8897,"minecraft:sprint_one_cm":53315,"minecraft:walk_one_cm":59687,"minecraft:damage_taken":2740,"minecraft:damage_dealt":1491,"minecraft:swim_one_cm":17213,"minecraft:fly_one_cm":60189,"minecraft:crouch_one_cm":397,"minecraft:deaths":14,"minecraft:play_time":31463,"minecraft:sneak_time":775,"minecraft:walk_under_water_one_cm":8004,"minecraft:jump":527,"minecraft:walk_on_water_one_cm":18519,"minecraft:total_world_time":31463,"minecraft:interact_with_smoker":2,"minecraft:fall_one_cm":8097},"minecraft:mined":{"minecraft:red_bed":2,"horror_element_mod:dead_pig":1,"minecraft:kelp_plant":2,"minecraft:crafting_table":4,"minecraft:oak_planks":1,"minecraft:kelp":1,"minecraft:birch_log":2,"minecraft:barrel":1,"minecraft:birch_leaves":4,"minecraft:grass":4,"minecraft:oak_log":39,"horror_element_mod:dead_cow":1,"minecraft:cobweb":23,"minecraft:stone":20,"minecraft:oak_leaves":18},"minecraft:picked_up":{"minecraft:wooden_axe":2,"last_of_us:noxioussack":1,"minecraft:birch_log":2,"minecraft:crafting_table":4,"swem:timothy_seeds":1,"minecraft:iron_chestplate":1,"minecraft:wooden_pickaxe":3,"firstaid:morphine":16,"minecraft:oak_log":42,"minecraft:red_bed":3,"minecraft:string":23,"minecraft:wooden_sword":4,"minecraft:iron_leggings":1,"tacz:ammo":96,"minecraft:kelp":2,"minecraft:stone_pickaxe":3,"swem:oat_seeds":1,"minecraft:birch_sapling":1,"minecraft:oak_planks":87,"minecraft:iron_boots":1,"minecraft:stick":8,"last_of_us:rags":4,"last_of_us:noxioustree":2,"minecraft:barrel":1,"minecraft:stone_sword":4,"minecraft:rotten_flesh":24,"tacz:modern_kinetic_gun":1,"minecraft:iron_helmet":1,"swem:alfalfa_seeds":1,"firstaid:bandage":32,"minecraft:oak_sapling":2,"minecraft:cobblestone":26},"minecraft:killed":{"last_of_us:runner":6,"last_of_us:crawler":3,"last_of_us:clicker":1},"minecraft:killed_by":{"last_of_us:runner":4,"last_of_us:clicker":4,"last_of_us:bloater":4,"last_of_us:stalker":2},"minecraft:used":{"minecraft:stone_sword":52,"minecraft:stone_pickaxe":9,"minecraft:oak_planks":34,"minecraft:wooden_pickaxe":11,"minecraft:leather_boots":1,"minecraft:iron_chestplate":1,"minecraft:crafting_table":6,"minecraft:red_bed":1,"minecraft:wooden_axe":6,"minecraft:leather_helmet":1,"minecraft:stone_axe":16,"minecraft:wooden_sword":51,"minecraft:chainmail_leggings":1}},"DataVersion":3465}