{"stats":{"minecraft:picked_up":{"minecraft:oak_log":2},"minecraft:mined":{"minecraft:oak_log":2,"minecraft:oak_leaves":7},"minecraft:custom":{"minecraft:jump":35,"minecraft:time_since_rest":122,"minecraft:sprint_one_cm":579,"minecraft:damage_dealt":6,"minecraft:crouch_one_cm":105,"minecraft:deaths":2,"minecraft:leave_game":3,"minecraft:play_time":3529,"minecraft:damage_taken":450,"minecraft:time_since_death":0,"minecraft:walk_one_cm":6390,"minecraft:sneak_time":17,"minecraft:total_world_time":3529,"minecraft:fall_one_cm":1713,"minecraft:fly_one_cm":634},"minecraft:killed_by":{"last_of_us:clicker":2}},"DataVersion":3465}