{"stats":{"minecraft:crafted":{"minecraft:wooden_sword":1,"minecraft:oak_planks":20,"minecraft:crafting_table":2,"minecraft:stick":12,"minecraft:wooden_pickaxe":1,"minecraft:wooden_axe":2,"minecraft:birch_planks":12},"minecraft:custom":{"minecraft:time_since_rest":4694,"minecraft:sprint_one_cm":26191,"minecraft:damage_taken":1084,"minecraft:walk_one_cm":52766,"minecraft:mob_kills":2,"minecraft:damage_dealt":289,"minecraft:interact_with_crafting_table":2,"minecraft:fly_one_cm":29345,"minecraft:open_barrel":13,"minecraft:crouch_one_cm":169,"minecraft:play_time":21926,"minecraft:deaths":5,"minecraft:sneak_time":410,"minecraft:jump":259,"minecraft:leave_game":19,"minecraft:time_since_death":4648,"minecraft:total_world_time":21926,"minecraft:fall_one_cm":8697},"minecraft:mined":{"horror_element_mod:dead_experiment":1,"minecraft:red_bed":1,"horror_element_mod:beheaded_body":1,"minecraft:birch_log":6,"minecraft:barrel":1,"minecraft:birch_leaves":1,"minecraft:crafting_table":2,"minecraft:oak_log":5,"horror_element_mod:dead_cow":1,"minecraft:oak_leaves":1},"minecraft:picked_up":{"minecraft:birch_log":6,"minecraft:crafting_table":2,"minecraft:oak_log":5,"minecraft:barrel":1,"minecraft:red_bed":1,"minecraft:rotten_flesh":14,"minecraft:beef":1,"minecraft:cobweb":31,"minecraft:oak_sapling":1},"minecraft:killed":{"minecraft:cow":1},"minecraft:killed_by":{"last_of_us:runner":2,"last_of_us:clicker":1,"last_of_us:stalker":2},"minecraft:used":{"minecraft:wooden_axe":18,"minecraft:leather_helmet":1,"minecraft:iron_chestplate":1,"minecraft:crafting_table":2,"minecraft:chainmail_boots":1,"minecraft:chainmail_leggings":1}},"DataVersion":3465}