{"stats":{"minecraft:crafted":{"minecraft:acacia_planks":28,"minecraft:crafting_table":1,"minecraft:stick":4,"minecraft:wooden_pickaxe":1,"minecraft:wooden_axe":1},"minecraft:killed":{"minecraft:sheep":1,"minecraft:pig":6,"minecraft:cow":3},"minecraft:picked_up":{"minecraft:stick":2,"minecraft:crafting_table":1,"minecraft:leather":3,"minecraft:wheat_seeds":2,"minecraft:acacia_log":7,"minecraft:beef":7,"minecraft:porkchop":11,"minecraft:sugar_cane":12,"minecraft:mutton":1,"minecraft:white_wool":1},"minecraft:mined":{"minecraft:grass":19,"minecraft:acacia_log":7,"minecraft:acacia_leaves":7,"minecraft:tall_grass":1,"minecraft:sugar_cane":5,"minecraft:crafting_table":1},"minecraft:custom":{"minecraft:crouch_one_cm":61,"minecraft:time_since_rest":232,"minecraft:sprint_one_cm":21334,"minecraft:play_time":9762,"minecraft:damage_taken":40,"minecraft:walk_one_cm":53685,"minecraft:sneak_time":12,"minecraft:walk_under_water_one_cm":162,"minecraft:mob_kills":10,"minecraft:drop":2,"minecraft:jump":202,"minecraft:damage_dealt":980,"minecraft:leave_game":2,"minecraft:walk_on_water_one_cm":716,"minecraft:time_since_death":9762,"minecraft:sleep_in_bed":1,"minecraft:total_world_time":9762,"minecraft:fall_one_cm":2809,"minecraft:interact_with_crafting_table":1,"minecraft:fly_one_cm":21355},"minecraft:used":{"minecraft:wooden_axe":35,"minecraft:crafting_table":1},"minecraft:dropped":{"minecraft:wheat_seeds":2}},"DataVersion":3465}