{"stats":{"minecraft:crafted":{"minecraft:wooden_sword":3,"minecraft:oak_planks":66,"minecraft:crafting_table":5,"minecraft:stick":28,"minecraft:wooden_pickaxe":1,"minecraft:wooden_axe":4,"minecraft:birch_planks":12},"minecraft:custom":{"minecraft:time_since_rest":581,"minecraft:sprint_one_cm":49365,"minecraft:damage_taken":1889,"minecraft:walk_one_cm":75127,"minecraft:mob_kills":2,"minecraft:damage_dealt":493,"minecraft:swim_one_cm":5336,"minecraft:interact_with_crafting_table":4,"minecraft:fly_one_cm":39431,"minecraft:open_barrel":18,"minecraft:crouch_one_cm":169,"minecraft:play_time":32175,"minecraft:deaths":10,"minecraft:sneak_time":497,"minecraft:walk_under_water_one_cm":2562,"minecraft:jump":379,"minecraft:leave_game":19,"minecraft:walk_on_water_one_cm":7956,"minecraft:time_since_death":555,"minecraft:total_world_time":32175,"minecraft:fall_one_cm":11783},"minecraft:mined":{"horror_element_mod:dead_experiment":1,"minecraft:red_bed":1,"horror_element_mod:beheaded_body":1,"minecraft:birch_log":6,"minecraft:barrel":1,"minecraft:birch_leaves":1,"minecraft:crafting_table":4,"minecraft:grass":1,"minecraft:oak_log":22,"horror_element_mod:dead_cow":1,"minecraft:dirt":2,"minecraft:oak_leaves":5},"minecraft:picked_up":{"minecraft:birch_log":6,"minecraft:crafting_table":4,"minecraft:oak_log":22,"minecraft:dirt":2,"minecraft:barrel":1,"minecraft:red_bed":1,"minecraft:rotten_flesh":14,"minecraft:beef":1,"minecraft:cobweb":31,"minecraft:oak_sapling":1,"minecraft:mutton":2,"minecraft:white_wool":1},"minecraft:killed":{"minecraft:cow":1},"minecraft:killed_by":{"last_of_us:runner":2,"last_of_us:clicker":2,"last_of_us:bloater":1,"last_of_us:stalker":3},"minecraft:used":{"minecraft:wooden_axe":31,"minecraft:leather_helmet":2,"minecraft:leather_boots":1,"minecraft:iron_chestplate":2,"minecraft:dirt":1,"minecraft:crafting_table":5,"minecraft:chainmail_boots":2,"minecraft:chainmail_leggings":2}},"DataVersion":3465}