{"stats":{"minecraft:crafted":{"minecraft:wooden_sword":5,"minecraft:oak_planks":398,"minecraft:crafting_table":10,"minecraft:wooden_pickaxe":4,"minecraft:birch_planks":12,"minecraft:stone_axe":1,"minecraft:stick":60,"minecraft:stone_pickaxe":1,"minecraft:wooden_axe":6,"minecraft:stone_sword":1},"minecraft:custom":{"minecraft:mob_kills":14,"minecraft:interact_with_crafting_table":15,"minecraft:open_barrel":22,"minecraft:leave_game":19,"minecraft:time_since_death":38,"minecraft:sleep_in_bed":2,"minecraft:time_since_rest":67,"minecraft:sprint_one_cm":142503,"minecraft:walk_one_cm":207960,"minecraft:damage_taken":5030,"minecraft:drop":19,"minecraft:damage_dealt":1738,"minecraft:swim_one_cm":5336,"minecraft:fly_one_cm":103935,"minecraft:open_chest":9,"minecraft:crouch_one_cm":2636,"minecraft:deaths":29,"minecraft:play_time":68175,"minecraft:sneak_time":2226,"minecraft:walk_under_water_one_cm":2562,"minecraft:jump":725,"minecraft:walk_on_water_one_cm":8724,"minecraft:total_world_time":68175,"minecraft:fall_one_cm":18669},"minecraft:dropped":{"last_of_us:runner_spawn_egg":2,"firstaid:morphine":16,"minecraft:iron_helmet":1,"minecraft:oak_planks":256,"minecraft:iron_boots":1,"firstaid:bandage":32,"minecraft:iron_chestplate":1,"minecraft:iron_leggings":1,"tacz:modern_kinetic_gun":1,"tacz:ammo":192,"minecraft:wooden_pickaxe":1},"minecraft:mined":{"horror_element_mod:dead_experiment":1,"minecraft:quartz_block":2,"minecraft:red_bed":3,"horror_element_mod:beheaded_body":1,"minecraft:mangrove_roots":5,"minecraft:oak_fence":1,"minecraft:crafting_table":7,"horror_element_mod:hanging_corpse_1":3,"minecraft:glass":4,"horror_element_mod:rotten_body":1,"minecraft:birch_log":6,"minecraft:barrel":1,"minecraft:birch_leaves":1,"horror_element_mod:scientist_body":1,"horror_element_mod:hanging_corpse_2":1,"minecraft:polished_deepslate":9,"minecraft:grass":2,"horror_element_mod:hospital_bed":1,"minecraft:oak_log":39,"horror_element_mod:dead_cow":1,"minecraft:dirt":2,"minecraft:stone_bricks":6,"minecraft:stone":10,"horror_element_mod:colonial_marine_body":1,"minecraft:iron_trapdoor":1,"minecraft:oak_leaves":9},"minecraft:picked_up":{"minecraft:wooden_axe":1,"last_of_us:noxioussack":3,"minecraft:birch_log":6,"swem:timothy_seeds":1,"minecraft:crafting_table":8,"minecraft:iron_trapdoor":1,"minecraft:iron_door":2,"minecraft:brown_mushroom":1,"minecraft:wooden_pickaxe":2,"minecraft:oak_log":44,"minecraft:polished_deepslate":9,"minecraft:red_bed":4,"minecraft:dirt":3,"tacz:ammo":96,"minecraft:apple":1,"minecraft:stone_bricks":5,"minecraft:wheat_seeds":1,"minecraft:iron_ingot":3,"minecraft:beef":1,"minecraft:cobweb":31,"swem:oat_seeds":1,"minecraft:oak_planks":230,"minecraft:stick":9,"last_of_us:rags":3,"minecraft:oak_door":1,"minecraft:oak_fence":1,"last_of_us:noxioustree":4,"minecraft:barrel":1,"minecraft:rotten_flesh":50,"swem:alfalfa_seeds":1,"minecraft:mangrove_roots":1,"minecraft:oak_sapling":7,"minecraft:mutton":2,"minecraft:white_wool":1,"minecraft:cobblestone":11},"minecraft:killed":{"last_of_us:bloater":1,"last_of_us:runner":5,"the_silence:the_silence_screamer":1,"last_of_us:crawler":1,"last_of_us:clicker":4,"minecraft:cow":1},"minecraft:killed_by":{"last_of_us:runner":14,"last_of_us:clicker":7,"last_of_us:bloater":2,"last_of_us:stalker":4},"minecraft:used":{"minecraft:oak_fence":1,"minecraft:stone_sword":15,"minecraft:stone_pickaxe":30,"minecraft:oak_planks":2,"minecraft:wooden_pickaxe":8,"minecraft:leather_boots":1,"minecraft:iron_chestplate":2,"minecraft:dirt":1,"minecraft:crafting_table":9,"minecraft:red_bed":2,"minecraft:wooden_axe":50,"minecraft:leather_helmet":2,"minecraft:stone_bricks":5,"minecraft:stone_axe":8,"minecraft:wooden_sword":5,"minecraft:iron_trapdoor":1,"minecraft:chainmail_boots":2,"minecraft:chainmail_leggings":2}},"DataVersion":3465}