{"stats":{"minecraft:crafted":{"minecraft:wooden_sword":5,"minecraft:oak_planks":142,"minecraft:crafting_table":9,"minecraft:stick":48,"minecraft:wooden_pickaxe":3,"minecraft:wooden_axe":6,"minecraft:birch_planks":12},"minecraft:custom":{"minecraft:time_since_rest":675,"minecraft:sprint_one_cm":107505,"minecraft:damage_taken":4664,"minecraft:walk_one_cm":115330,"minecraft:mob_kills":6,"minecraft:drop":1,"minecraft:damage_dealt":1351,"minecraft:swim_one_cm":5336,"minecraft:interact_with_crafting_table":10,"minecraft:fly_one_cm":61964,"minecraft:open_barrel":19,"minecraft:crouch_one_cm":443,"minecraft:play_time":44175,"minecraft:deaths":27,"minecraft:sneak_time":705,"minecraft:walk_under_water_one_cm":2562,"minecraft:jump":551,"minecraft:leave_game":19,"minecraft:walk_on_water_one_cm":7956,"minecraft:time_since_death":213,"minecraft:total_world_time":44175,"minecraft:fall_one_cm":15991},"minecraft:dropped":{"last_of_us:runner_spawn_egg":1},"minecraft:mined":{"horror_element_mod:dead_experiment":1,"minecraft:red_bed":2,"horror_element_mod:beheaded_body":1,"minecraft:birch_log":6,"minecraft:barrel":1,"minecraft:birch_leaves":1,"minecraft:crafting_table":7,"minecraft:grass":1,"minecraft:oak_log":39,"horror_element_mod:dead_cow":1,"minecraft:dirt":2,"minecraft:oak_leaves":8},"minecraft:picked_up":{"minecraft:wooden_axe":1,"minecraft:birch_log":6,"minecraft:stick":9,"last_of_us:rags":2,"swem:timothy_seeds":1,"minecraft:crafting_table":8,"minecraft:oak_door":1,"minecraft:wooden_pickaxe":1,"minecraft:oak_log":44,"last_of_us:noxioustree":3,"minecraft:dirt":2,"minecraft:barrel":1,"minecraft:red_bed":3,"minecraft:apple":1,"minecraft:rotten_flesh":38,"minecraft:wheat_seeds":1,"minecraft:beef":1,"swem:alfalfa_seeds":1,"minecraft:cobweb":31,"minecraft:oak_sapling":7,"swem:oat_seeds":1,"minecraft:mutton":2,"minecraft:oak_planks":38,"minecraft:white_wool":1,"last_of_us:noxioussack":2},"minecraft:killed":{"last_of_us:clicker":2,"last_of_us:runner":2,"minecraft:cow":1},"minecraft:killed_by":{"last_of_us:runner":13,"last_of_us:clicker":6,"last_of_us:bloater":2,"last_of_us:stalker":4},"minecraft:used":{"minecraft:wooden_axe":50,"minecraft:leather_helmet":2,"minecraft:wooden_pickaxe":1,"minecraft:leather_boots":1,"minecraft:iron_chestplate":2,"minecraft:wooden_sword":5,"minecraft:dirt":1,"minecraft:crafting_table":8,"minecraft:red_bed":1,"minecraft:chainmail_boots":2,"minecraft:chainmail_leggings":2}},"DataVersion":3465}