{"stats":{"minecraft:crafted":{"minecraft:wooden_sword":5,"minecraft:oak_planks":398,"minecraft:crafting_table":10,"minecraft:wooden_pickaxe":4,"minecraft:birch_planks":12,"minecraft:stone_axe":1,"minecraft:stick":60,"minecraft:stone_pickaxe":1,"minecraft:wooden_axe":6,"minecraft:stone_sword":1},"minecraft:custom":{"minecraft:mob_kills":16,"minecraft:interact_with_crafting_table":15,"minecraft:open_barrel":22,"minecraft:leave_game":19,"minecraft:time_since_death":10416,"minecraft:sleep_in_bed":2,"minecraft:time_since_rest":10446,"minecraft:sprint_one_cm":155852,"minecraft:walk_one_cm":226349,"minecraft:damage_taken":5810,"minecraft:drop":24,"minecraft:damage_dealt":1822,"minecraft:swim_one_cm":5336,"minecraft:fly_one_cm":285702,"minecraft:open_chest":9,"minecraft:crouch_one_cm":2749,"minecraft:deaths":32,"minecraft:play_time":80175,"minecraft:sneak_time":2539,"minecraft:walk_under_water_one_cm":2562,"minecraft:jump":805,"minecraft:walk_on_water_one_cm":8724,"minecraft:total_world_time":80175,"minecraft:fall_one_cm":19966},"minecraft:dropped":{"last_of_us:runner_spawn_egg":2,"firstaid:morphine":16,"minecraft:iron_helmet":1,"last_of_us:noxioustree":3,"minecraft:oak_planks":256,"minecraft:iron_boots":1,"firstaid:bandage":32,"minecraft:iron_chestplate":1,"minecraft:iron_leggings":1,"tacz:modern_kinetic_gun":3,"tacz:ammo":192,"minecraft:wooden_pickaxe":1},"minecraft:mined":{"horror_element_mod:dead_experiment":1,"minecraft:quartz_block":2,"minecraft:red_bed":3,"horror_element_mod:beheaded_body":1,"minecraft:mangrove_roots":5,"minecraft:oak_fence":1,"minecraft:crafting_table":7,"horror_element_mod:hanging_corpse_1":3,"minecraft:glass":4,"horror_element_mod:rotten_body":1,"minecraft:birch_log":6,"minecraft:barrel":1,"minecraft:birch_leaves":1,"horror_element_mod:scientist_body":1,"horror_element_mod:hanging_corpse_2":1,"minecraft:polished_deepslate":9,"minecraft:grass":2,"horror_element_mod:hospital_bed":1,"minecraft:oak_log":39,"horror_element_mod:dead_cow":1,"minecraft:dirt":2,"minecraft:stone_bricks":6,"minecraft:stone":10,"horror_element_mod:colonial_marine_body":1,"minecraft:iron_trapdoor":1,"minecraft:oak_leaves":11},"minecraft:picked_up":{"minecraft:wooden_axe":1,"last_of_us:noxioussack":3,"minecraft:birch_log":6,"swem:timothy_seeds":1,"minecraft:crafting_table":8,"minecraft:iron_trapdoor":1,"minecraft:iron_door":2,"minecraft:brown_mushroom":1,"minecraft:wooden_pickaxe":2,"minecraft:enchanted_book":1,"minecraft:oak_log":44,"minecraft:polished_deepslate":18,"minecraft:red_bed":4,"minecraft:dirt":3,"minecraft:iron_leggings":3,"tacz:ammo":240,"minecraft:apple":1,"minecraft:stone_bricks":5,"minecraft:wheat_seeds":1,"minecraft:stone_pickaxe":4,"minecraft:iron_ingot":6,"minecraft:beef":1,"minecraft:cobweb":31,"minecraft:redstone_torch":3,"swem:oat_seeds":1,"minecraft:oak_planks":294,"minecraft:stick":9,"last_of_us:rags":6,"minecraft:oak_door":1,"minecraft:oak_fence":1,"minecraft:stone_sword":1,"last_of_us:noxioustree":16,"minecraft:barrel":1,"minecraft:rotten_flesh":51,"minecraft:diamond":1,"minecraft:stone_axe":1,"tacz:modern_kinetic_gun":6,"minecraft:iron_helmet":4,"swem:alfalfa_seeds":1,"minecraft:emerald":3,"minecraft:mangrove_roots":5,"firstaid:bandage":51,"minecraft:oak_sapling":7,"minecraft:mutton":2,"minecraft:white_wool":1,"minecraft:cobblestone":14},"minecraft:killed":{"last_of_us:bloater":1,"last_of_us:runner":5,"the_silence:the_silence_screamer":1,"last_of_us:crawler":1,"minecraft:sheep":2,"last_of_us:clicker":4,"minecraft:cow":1},"minecraft:killed_by":{"last_of_us:runner":15,"last_of_us:clicker":7,"last_of_us:bloater":4,"last_of_us:stalker":4},"minecraft:used":{"minecraft:oak_fence":1,"minecraft:stone_sword":16,"minecraft:stone_pickaxe":30,"minecraft:oak_planks":2,"minecraft:wooden_pickaxe":8,"minecraft:leather_boots":1,"minecraft:iron_chestplate":2,"minecraft:dirt":1,"minecraft:crafting_table":9,"minecraft:red_bed":2,"minecraft:wooden_axe":50,"minecraft:iron_helmet":1,"minecraft:leather_helmet":2,"minecraft:stone_bricks":5,"minecraft:stone_axe":8,"minecraft:wooden_sword":5,"minecraft:iron_trapdoor":1,"minecraft:chainmail_boots":2,"minecraft:chainmail_leggings":2}},"DataVersion":3465}