{"stats":{"minecraft:used":{"minecraft:wooden_axe":1,"minecraft:iron_chestplate":1,"minecraft:crafting_table":1,"minecraft:chainmail_boots":1,"minecraft:leather_helmet":1,"minecraft:chainmail_leggings":1},"minecraft:mined":{"minecraft:oak_log":5,"horror_element_mod:dead_experiment":1,"horror_element_mod:dead_cow":1,"minecraft:red_bed":1,"horror_element_mod:beheaded_body":1,"minecraft:barrel":1,"minecraft:crafting_table":1,"minecraft:oak_leaves":1},"minecraft:picked_up":{"minecraft:crafting_table":1,"minecraft:rotten_flesh":12,"minecraft:beef":1,"minecraft:cobweb":31,"minecraft:oak_log":5,"minecraft:oak_sapling":1,"minecraft:barrel":1,"minecraft:red_bed":1},"minecraft:crafted":{"minecraft:wooden_sword":1,"minecraft:oak_planks":20,"minecraft:crafting_table":1,"minecraft:stick":8,"minecraft:wooden_pickaxe":1,"minecraft:wooden_axe":1},"minecraft:custom":{"minecraft:open_barrel":12,"minecraft:time_since_rest":6162,"minecraft:play_time":6162,"minecraft:sprint_one_cm":12821,"minecraft:walk_one_cm":19297,"minecraft:sneak_time":1,"minecraft:mob_kills":1,"minecraft:jump":90,"minecraft:damage_dealt":100,"minecraft:leave_game":1,"minecraft:time_since_death":6162,"minecraft:total_world_time":6162,"minecraft:interact_with_crafting_table":1,"minecraft:fly_one_cm":12334,"minecraft:fall_one_cm":3340},"minecraft:killed":{"minecraft:cow":1}},"DataVersion":3465}